product_id,product_name,about_product,actual_price,Client A Catgories,Client B department,Client b Price Tier
B07WKB69RS,"Lifelong LLWH106 Flash 3 Litres Instant Water Heater for Home Use, 8 Bar Pressure,Power On/Off Indicator and Advanced Safety, (3000W, ISI Certified, 2 Years Warranty)","8 bar pressure rated: High pressure withstanding enabling to use in high-rise buildings, ISI Certified|The high density and thick PUF ensures retention of internal heat and temperature, resulting in better energy efficiency and reduced electricity bills|Thermoplastic outer body prevents rusting and corrosion|Neon indicator for power on and heating - gives status of water heating and readiness|Thermostat and cut-out conforms to international standards, ensuring enhanced safety","5,500",Home > Appliance > Heater,Home & Kitchen,Mid-Range
B086WMSCN3,"boAt Airdopes 171 in Ear Bluetooth True Wireless Earbuds with Upto 13 Hours Battery, IPX4, Bluetooth v5.0, Dual Tone Finish with Mic (Mysterious Blue)","Drivers- These true wireless earbuds have powerful 6mm drivers for an enthralling playback experience|Dual Tone Finish- Its dual tone colours offer an aesthetical edge and define a true listening time|Playback- Airdopes 171 offers a nonstop playback of up to 3H with each charge and an additional 10H playtime with the included charging case|Lightweight- These true wireless earbuds weigh about 4g per each so you may keep them plugged for longer duration with comfort|IP Rating- Airdopes 171 is IPX4 rated for providing resistance against sweat, splash and dust scares.|Bluetooth- boAt Airdopes 171 offers true wireless experience with latest Bluetooth v5.0.|Control- The TWS earbuds offer easy access multifunction button controls with stereo calling feature","5,999",Audio > Earbuds > wireless,Audia & Earphone,Mid-Range
B08HF4W2CT,"URBN 20000 mAh lithium_polymer Power Bank with 12 Watt Fast Charging, Camo","Proudly Made In India|It will charge a 3000mAh phone battery up to 4.7 times & It will charge a 4000mAh phone battery up to 3.5 times|Dual USB Output 2.4 Amp 5V Fast Charge|Compact body along with smooth touch finish gives the Power Bank its premium look, weighs only 354 grams|Micro USB Input. Takes up to 10-12 hours to charge the power bank","3,499",Electronics > Mobile Accessories > power Banks,Electronics,Mid-Range
B09ZHCJDP1,"Amazon Basics Wireless Mouse | 2.4 GHz Connection, 1600 DPI | Type - C Adapter | Upto 12 Months of Battery Life | Ambidextrous Design | Suitable for PC/Mac/Laptop","Reliable wireless connection up to 10m|Advanced optical tracking for ultra-precise movement on almost any surface with 3 switchable DPI modes 800/1200/1600 DPI|High-performance material and rubber wheel offers noise reduction with the same click feel as a standard mouse|Easy, plug-and-forget setup on Windows, Mac, Chrome OS and Linux, Comes with Type - C adapter for additional compatibility|Up to 12 months of battery life; Smart Sleep mode and on/off switch to conserve power, comes with 1 - AA battery|Ambidextrous design for greater comfort and precision than a touchpad|Small size makes it easy to carry anywhere","1,000",Computer > Accessories > Mouse,Electronics,Value
B08HD7JQHX,"HUMBLE Dynamic Lapel Collar Mic Voice Recording Filter Microphone for Singing Youtube SmartPhones, Black","SOUND RECORDING: With the Miracle Sound Microphone you can finally create the perfect videos and audio files on your smartphone and tablet. Pristine sound without .effort, no matter where you are.|SIMPLE OPERATION: Precise Design and Convenient Carrying.|EASY TO USE: Clip-on design, easy to clip it to your shirt, collar or placed in small pockets.|CONNECTOR: The 3.5mm type jack can be connected to PC / Laptop / wireless microphone transmitter with 3.5mm line-in / mic in.|USE FOR: Youtube, Interview, Recording, Podcasting, Conference call. Now you can instantly reproduce your voice, no additional plugs or batteries needed.",499,Mobile > Phones > Value Tier,Electronics,Value
B09CMP1SC8,"Ambrane 2 in 1 Type-C & Micro USB Cable with 60W / 3A Fast Charging, 480 mbps High Data, PD Technology & Quick Charge 3.0, Compatible with All Type-C & Micro USB Devices (ABDC-10, Black)","Stay ahead and never miss out with a 3A fast charging speed for your devices|It supports Quick Charge 2.0/ 3.0 technology to keep your devices boosted up|Its sturdy design and braided cord are tough enough to withstand 10000+ bends|Crafted for convenience, it allows you to charge and sync data with just one cable|It is widely compatible with all types of Micro USB & Type-C enabled devices",499,Mobile > Accessories > Cable,Electronics,Value
B00JBNZPFM,"Karcher WD3 EU Wet and Dry Vacuum Cleaner, 1000 Watts Powerful Suction, 17 L Capacity, Blower Function, Easy Filter Removal for Home and Garden CleaningÂ  (Yellow/Black)","Wet & Dry Vacuum Cleaner with patented filter removal technology, quick and easy removal of the filter by folding out the filter cartridge without any contact with dirt for wet and dry suction without changing the filter|This wet & dry vacuum cleaner offers the possibility of attaching different nozzles directly on the suction hose, easy vacuuming even in the tightest of spaces|Blower function: Where vacuuming is not possible, the practical blower function can be used|Powerful motor and extreme suction power: The wet and dry vacuum cleaner tackles even the most demanding outdoor cleaning tasks â€“ whether itâ€™s dry, wet, fine or coarse dirt. For perfect wet and dry vacuum cleaning results with convenience and flexibility|The capacity of the wet and dry vacuum cleaner is 17 litres|Warranty: 1 year from the date of invoice|Power: 1000 watts; Operating voltage: 240 volts","10,999",Home > Cleaning > Vacuum cleaner,Home & Kitchen,Premium
B00935MD1C,"Prestige PRWO 1.8-2 700-Watts Delight Electric Rice Cooker with 2 Aluminium Cooking Pans - 1.8 Liters, White","Content: Prestige Delight Electric Rice Cooker (1.8 Open Type with Aluminium Cooking Pan-2U)|Net Quantity: 1 Unit.Voltage : 230 V|Voltage: 230V; Wattage: 700W|Warranty: 1 Year|Troubleshooting guidelines: Do not wash the main body of cooker or immerse it in water. Its electrical insulation may get damaged. Read user manual carefully before use|Capacity - Cooks upto 1000g of raw rice|Great features - Stainless steel close fit lid with keep warm mode, 5 year warranty on the heating plate, detachable power cord","3,945",Home > Kitchen > cooker,Home & Kitchen,Mid-Range
B0814P4L98,"PrettyKrafts Laundry Basket for clothes with Lid & Handles, Toys Organiser, 75 Ltr Black & Grey","MULTIFUNCTIONAL LAUNDRY BAG - Useful for homes, apartments, bathroom, student's dormitory and hostels. Also help you to store other stuff, such as umbrellas, toys, shoes, etc, Make your room look clean, tidy and save space|Needs no assembly - Folds when not in use. Volume: 75 litre. Package contains 1 Laundry Basket.|FOLDABLE STORAGE CONTAINERS - This box is foldable for space-saving, easy to set up and convenient to carry. Can be folded when not in use|HIGH QUALITY - Made from non-woven fabric with strong durable stitching, which is environmentally friendly, durable, wear and tear-resistant fabric, anti-wrinkle-free, lightweight|Dimension: Length(15)inch x Width(14)inch x Height(21.5)inch",999,Home > Cleaning > Laundry,Home & Cleaning,Value
B096VF5YYF,"boAt Xtend Smartwatch with Alexa Built-in, 1.69â€ HD Display, Multiple Watch Faces, Stress Monitor, Heart & SpO2 Monitoring, 14 Sports Modes, Sleep Monitor, 5 ATM & 7 Days Battery(Pitch Black)","Alexa- Alexa built-in Voice Assistant that sets reminders, alarms and answers questions from weather forecasts to live cricket scores at your command!|Screen Size- ;1.69"" big square colour LCD display with a round dial features complete capacitive touch experience to let you take control, effortlessly.|Watch Faces- Multiple watch faces with customizable options to match your OOTD, every day!|Brightness- The ambient light display allows automatic adjustment of brightness on the watch, suited to your environment|HR & SpO2- The watch comes with a stress monitor that reads your HR to indicate stress levels.It also monitors your heart rate and SpO2 (blood oxygen levels) to keep a tab on your overall health.|Sleep Monitor- Track all stages of sleep every night and keep a tab on your sleep health with the sleep monitoring feature on the watch.|Sports Friendly- Its 14 sports mode and 5 ATM dust, splash and sweat resistance makes it the perfect fitness companion to have.","7,990",Electronics > Wearables > Smartwatches,Apparel & Accessories,Mid-Range
B0819HZPXL,Zebronics Zeb-Transformer-M Optical USB Gaming Mouse with LED Effect(Black),"Gaming mouse: ZEB-Transformer-M premium gaming mouse is designed for gamers who want the perfect fusion of high DPI, precision gaming along with LED lights.|Breathing LED- Your gaming is going to get LIT as the gaming mouse comes with 7 colors breathing LED that will charm the gamer in you.|Ergonomic design:The ZEB-Transformer-M gaming mouse comes in an ergonomic design that provides comfort for long hours.|Works on most surfaces: The mouse is designed to work on all surfaces and comes with a plug and play installation where no additional softwares is required.|High Precision: The gaming mouse comes with six buttons with a high precision DPI gaming sensor with 3200 DPI.|Dedicated DPI Switch: The gaming mouse has a dedicated DPI switch that can toggle between 1000/1600/ 2400/ 3200 DPI.|Dedicated forward & backward buttons: The gaming mouse comes with dedicated forward and backward buttons making it convenient for gamers to toggle.",549,Computer > Accessories > Mouse,Electronics,Value
B09JS94MBV,"Motorola a10 Dual Sim keypad Mobile with 1750 mAh Battery, Expandable Storage Upto 32GB, Wireless FM with Recording - Dark Blue","Ensured Power packed performance with Mediatek processor expandable memory upto 32 GB|Dual Sim with big 1750mAh battery gives you twice the power of other phones|Get 2 Years replacement warranty on motorola a10 keypad mobile|Modern, sturdy and Stylish Looks which you would love to flaunt|Entertain yourself with wireless FM with recording feature|Experience loud and crystal clear sound|Easily increase text size as per your convenience","1,630",Mobile > Phones > Value Tier,Electronics,Value
B0B9XN9S3W,Acer 80 cm (32 inches) N Series HD Ready TV AR32NSV53HD (Black),"Resolution: HD Ready (1366 x 768) | Refresh Rate: 60Hz | 178 Degree wide viewing angle|Connectivity: 2 HDMI Ports to connect set top box, Blu Ray players, gaming console | 2 USB Ports to connect hard drives and other USB devices | 1 VGA Slot to connect your Laptop/PC | 1 Headphone Jack | 2 AV Input Slot | 1 RF Slot|Sound: 20 Watts Output|Display: High Definition | Dynamic Contast | Intelligent Signal Calibration | 16.7 Million Colours | Digital Noise Reduction|Warranty Information: 1 year comprehensive warranty provided by the manufacturer from date of purchase|Installation: Installation/Wall mounting/demo will be arranged by AHS Team. For any other information, please contact Amazon customer support|Easy Returns: This product is eligible for replacement within 10 days of delivery in case of any product defects, damage or features not matching the description","14,990",Electronics > Televisions > LED TVs,Electronics,Premium
B008LN8KDM,Philips GC1920/28 1440-Watt Non-Stick Soleplate Steam Iron,"Turn the temperature dial to the appropriate position clockwise from minimum to maximum temperature to set the temperature according fabric type;To Prevent Water Leakage, keep the iron horizontal when not in use, do not fill water completely, leave some gap and wait for some time for the iron to heat up before using the iron|Warranty: 2 years on product, ;Knob should always be at no steam position when product is not in use. Second and third setting is used only when soleplate is hot. Otherwise leakage will happen.|A fine spray evenly moistens the fabric, Indicator Light: Yes;Please wait for some time for the iron to heat up. Only then you can use the steam function effectively. If the iron is not heated enough and steam function is used, it will lead to water leakage|Color Name: Pink; Material Type: Plastic; Size Name: Free Size","2,095",Home > Appliances > Irons,Home & Kitchen,Mid-Range
B01M6453MB,"Prestige Delight PRWO Electric Rice Cooker (1 L, White)","230 Volts, 400 watts, 1 Year","3,045",Home > Kitchen > cooker,Home & Kitchen,Mid-Range
B09NNGHG22,Sansui 140cm (55 inches) 4K Ultra HD Certified Android LED TV with Dolby Audio & Dolby Vision JSW55ASUHD (Mystique Black),"Resolution: 4K Ultra HD (3840x2160) | Refresh Rate: 60 hertz | Wide Viewing Angle|Connectivity: 3 HDMI ports to connect multiple devices | 2 USB ports to connect hard drives and other USB devices | Bluetooth | Wi-Fi | RJ45 | Antenna|Sound: Dolby Audio | DTS | 20 Watts Audio Output|Smart TV Features: Android 10.0, Google Assistant, Alexa Enabled Support, Built-in Chromecast | Performance: CA53 Quad Core Processor | RAM 2GB, ROM 8GB | Supported Apps: Prime Video, Netflix, Disney + Hotstar, YouTube, Google Play|Display: 4K UHD Android TV | A+ Grade Panel | Wide Colour Gamut | HDR 10 | Crystal Clear Display | High Brightness | Bezel-less Design","56,790",Mobile > Phones > Premium Tier,Electronics,Premium
B07JJFSG2B,SanDisk Ultra 128 GB USB 3.0 Pen Drive (Black),USB 3.0 enabled (USB 2.0 compatible)|Transfer up to 10 times faster than standard USB 2.0 drives; up to 100MB/s read speed|Secure file encryption and password protection|Stylish and portable design|SanDisk secure access software keeps files private|Country of Origin: Malaysia,"2,500",Mobile > Phones > Premium Tier,Electronics,Mid-Range
B0B1YZ9CB8,Acer 139 cm (55 inches) I Series 4K Ultra HD Android Smart LED TV AR55AR2851UDFL (Black),"Resolution : 4K Ultra HD (3840x2160) | Refresh Rate : 60 Hertz | 178 Degree wide viewing angle|Connectivity: Dual band Wifi | 2 way Bluetooth | HDMI ports 2.1 x 3 (HDMI 1 supports eARC) to connect personal computer, laptop, set top box, Blu-ray speakers or a gaming console | USB ports 2.0 x 1, 3.0 x 1 to connect hard drives or other USB device|Sound: 30 Watts Output | High Fidelity Speakers with Dolby Audio | 5 Sound Modes - Movie, Music, Standard, News, Sports|Smart Tv Features: Google certified Android TV 11 | Google Assistant | Chromecast built-in | Voice controlled Smart Remote | Hotkeys for Quick Access - Netflix, Prime Video, YouTube, Disney+Hotstar | 5 Picture Mode | 2GB RAM | 16GB Storage | 64bit Quad Core Processor|Display : 1.07 Billion colours | MEMC | Wide Colour Gamut+ | Intelligent Frame Stabilization Engine | Dynamic Signal Calibration | HDR10+ with HLG | UHD Upscaling | Super Brightness | Micro Dimming | Blue Light Reduction | 178 degree Wide viewing angle|Warranty Information: 2 years comprehensive warranty provided by the manufacturer from date of purchase|Installation: Installation/Wall mounting/demo will be arranged by AHS Team. For any other information, please contact Amazon customer support | Wall Mount is not included in the box and will be charged at the time of installation|Easy Returns: This product is eligible for replacement within 10 days of delivery in case of any product defects, damage or features not matching the description","47,990",Mobile > Phones > Premium Tier,Electronics,Premium
B0B6F98KJJ,MI 100 cm (40 inches) 5A Series Full HD Smart Android LED TV with 24W Dolby Audio & Metal Bezel-Less Frame (Black) (2022 Model),"Note : The brands, Mi and Xiaomi, are part of the same multinational conglomerate|Resolution : Full HD (1920 x 1080) Resolution | Refresh Rate : 60 Hertz | 178 Degree wide viewing angle|Connectivity: Dual Band Wi-Fi | 2 HDMI ports to connect latest gaming consoles, set top box, Blu-ray Players | 2 USB ports to connect hard drives and other USB devices | ALLM | ARC | Bluetooth 5.0 | Ethernet|Sound: 24 Watts Output | Dolby Audio, DTS:X, DTS Virtual: X|Smart TV Features : Android TV 11 | PatchWall | IMDb Integration | Universal Search | 300+ Free Live Channels | Kids Mode with Parental lock | Smart Recommendations | Language Universe â€“ 15+ Languages | User Centre | Okay Google | Chromecast suporting Apps : Netflix, Prime Video, Disney+ Hotstar | 5000+ apps from Play Store |Quad core Cortex A55 | Chromecast built-in | Ok Google | Auto Low Latency Mode | 1.5 GB RAM + 8GB Storage|Display: Full HD | Vivid Picture Engine|Warranty Information: 1 year comprehensive warranty on product and 1 year additional on Panel provided by the brand from the date of purchase","29,999",Mobile > Phones > Mid-Tier,Electronics,Premium
B0BPCJM7TB,"WIDEWINGS Electric Handheld Milk Wand Mixer Frother for Latte Coffee Hot Milk, Milk Frother for Coffee, Egg Beater, Hand Blender, Coffee Beater with Stand","The battery operated milk frother is easy to control and easy to clean, use with 2 AA batteries. Handheld version makes the frother easy to use by hand. Battery operated milk frother will be very easy to install.|15 seconds is enough to make cup of frothy drink by this milk frother, you can use it as coffee frother, latte frother, foam maker, hot chocolate maker, matcha whisk and other drink blender. Note Not recommended for heavy usage|WIDEWINGS milk frother can be used for cappuccino, caffÃ¨ latte, hot chocolate, frappÃ¨, milkshake and any other drinks. Itâ€™s easy to make drinks by this milk frother handheld version.|Not Included for safety , please insert new batteries in opposite direction only|OPERATED BY AA 1.5 V x 2 Batteries (NOT included) & Color send as per availabilty.",999,Home > Kitchen > Mixer,Home & Kitchen,Value
B09VPH38JS,SaleOn Instant Coal Heater 500W Charcoal Burner Electric Stove Hot Plate - Mix Colors - Pack of 1 - Only Charcoal Heater,"Size: 15*15*5.5cm Material: Stainless steel Color: Mix colors , Package content: 1*Electric cooker 4*Rubber feet 1*English user manual 1*box|Brand new and high quality Charcoal ready in just 3-5 minutes|Electric-heating charcoal starter Optional on/off switch|High quality, excellent polishing indicates quality of life Thermal fuse for safe use Non-slip feet Plug|The light on the front of the shell goes out when the Heater reaches highest temperature. It will restart automatically again and again.","1,499",Home > Kitchen > Heater,Home & Kitchen,Value
B00P93X2H6,"Classmate Pulse Spiral Notebook - 240 mm x 180 mm, Soft Cover, 200 Pages, Unruled","The cover design of the notebook is subject to change, it depends on stock availability 1 Subject Notebook - Unruled, 200 Pages, Spiral Binding, Soft Cover, 240mm x 180mm Notebooks for every subject for hassle-free note-taking during classes or lectures Classmate uses elemental chlorine free paper This notebook consists of high quality papers Country of Origin: India",75,Stationery > Notebooks > Spiral Notebooks,Other,Value
B07WGPBXY9,"Pigeon by Stovekraft Quartz Electric Kettle (14299) 1.7 Litre with Stainless Steel Body, used for boiling Water, making tea and coffee, instant noodles, soup etc. 1500 Watt (Silver)","Hygienic Stainless Steel Body: Now you can make hot water, green tea, lemon water, soups with Pigeon Quartz Stainless Steel electric kettle 1.7 Litre with less efforts in minutes|Single Push flip Glass lid: The single touch locking Glass lid mechanism in Pigeon Quartz Electric Kettle 1.7 Litre ensures a quick seal to prevent steam from escaping and water to boil in no time.|360 degree rotational base: The 360Â° rotational swivel power base in Pigeon Quartz Electric Kettle 1.7 Litre allows you to plug it in any direction with desired jug handle position. The base helps in ease movement to carry and serve the hot water.|Auto cut off: This kettle has illuminated power indicator which glows when power is on and switches off when Pigeon Quartz electric kettle 1.7 Litre automatically off. The automatic cut off feature cuts off the power supply, when the water is boiled. It protects the appliance from damage, making it safe and improves its lifespan of the Electric kettle.|Cool touch handle: Elegant heat resistant handles make you for ease movement of your Pigeon Quartz electric kettle 1.7 Litre and extremely durable in usage with no hassle.|240 Voltage Power Requirement and 1500 Watt Power consumption, Capacity 1.7 Litre|1 Year Warranty from the Manufavturer","1,249",Home > Kitchen >Electric Kettle,Home & Kitchen,Value
B08FGNPQ9X,"Zinq UPS for Router, Mini UPS for 12V WiFi Router Broadband Modem with Upto 4 Hours Power Backup, Upto 2Amp, Works with Existing Adapter, Also Works with Set-top Box, Smart Camera, CCTV (Black)","Smart Charging: The smart battery management system automatically charges the UPS battery when the power is switched on and during power cuts spontaneously switches to battery mode.|Up to 4 hours of backup: The UPS provides 4 hours of seamless power backup for your WiFi or ADSL router.|Easy installation: It is DIY friendly as it can be installed within 30 seconds.|Product Certification: BIS certified, consumer-grade CE, RoHS certified|Warranty: 1 year from the date of purchase as provided by the manufacturer|Includes 4 connectors, of which 2 are for input and 2 are for output.|Customer Support: +91-8373938888 , customerservice@zinqtech.com","2,999",Electronics > Power Solutions > Router,Electronics,Mid-Range
B094JB13XL,"Noise ColorFit Ultra Smart Watch with 1.75"" HD Display, Aluminium Alloy Body, 60 Sports Modes, Spo2, Lightweight, Stock Market Info, Calls & SMS Reply (Space Blue)","1.75â€ TruViewTM display: See the clear, bigger picture on the 1.75â€™â€™ touch screen with 320*385 pixels.|Grade 6061 aluminium body: Crafted from Grade 6061 aluminium, ColorFit Ultra can withstand daily rough use with ease.|Personal health assistant: Take care of your health with features like blood oxygen, heart rate, stress, REM & sleep monitors.|SpO2 monitor: Measure your blood oxygen level anytime on the SpO2 monitor, with just a tap.|60 sports modes: With 60 sports modes, you are spoilt for choices; just pick and play your sport.","5,999",Mobile > Phones > Premium Tier,Apparel & Accessories,Mid-Range
B07SLNG3LW,"Inalsa Vacuum Cleaner Wet and Dry Micro WD10 with 3in1 Multifunction Wet/Dry/Blowing| 14KPA Suction and Impact Resistant Polymer Tank,(Yellow/Black)","Wet or dry, bagged or bagless - No matter it is dust, hair, daily waste, the device can clean the dirt perfectly. You don't need to change filter during operation. Please take out the cloth dust filter and use sponge filter when sucking liquid|Blower function- The blower function is suitable for drying and cleaning of narrow and hard- to-reach indoor or outdoor areas. For effective blowing results, do not use any filter in vacuum cleaner. To hold a large amount of waste, this vacuum cleaner boasts a container capacity of 10 litres|Powerful and durable â€“ Equipped with powerful motor delivers 14KPA strong suction power and ensures long time operation. The vacuum cleaner has an impact resistant polymer tank for longer usage life|Safe buoy technology â€“ Safe Buoy technology immediately stops sucking water when the liquid capacity reaches the critical point. This protects the machine from being damaged and guarantees superior lifetime. This device ensures low-noise operation|Flexible and convenient - With ergonomically carry handle, along with four 360Â° rotating wheels enable it to move flexibly to anywhere you need. Its compact and lightweight is easy to store without occupying much space","10,295",Home > Cleaning > Vacuum cleaner,Home & Kitchen,Premium
B09R83SFYV,"AkiaraÂ® - Makes life easy Mini Sewing Machine with Table Set | Tailoring Machine | Hand Sewing Machine with extension table, foot pedal, adapter",AFTER SALES SERVICE Tailoring Machine is user-friendly. Please Contact Us by EMAIL if there is any issue during operation. We are always here and happy to assist every customer.,"2,499",Home > Appliances > Sewing Machines,Home & Kitchen,Mid-Range
B0BNDD9TN6,WANBO X1 Pro (Upgraded) | Native 1080P Full HD | Android 9 | Projector for Home | LED Cinema | 350ANSI | 3900 lumens | WiFi Bluetooth | HDMI ARC | Dolby DTS | 4D Keystone Correction (Global Version),"âœ”ï¸ Powerfully Compact: Wanbo X1 pro boasts incredible brightness, wireless screen sharing, booming sound, and crystal-clear Native Full HD resolution, all in lightweight, and compact form factor. X1 turns any room into a home theatre, with a wide projection range that spans from 40 to 200 inches â€“ allowing you to enjoy big-screen immersion with ease.|âœ”ï¸ With 350 ANSI lumens light output and 87% NTSC color space coverage, X1 Pro projects bright and crisp Full HD (1920 x 1080) resolution images. A mercury-free RGB LED light source ensures gorgeous, fade-free projections for up to 20 years, or about 30,000 hours of use.|âœ”ï¸ Full Glass Lens, Clear and Durable: Clear picture as you see, multi-layer coated glass lens, high refractive index and will not be affected / distorted by temperature, wear-resistant and easy to maintain.|âœ”ï¸Stream it All: Enjoy your favorite apps, shows, movies, games, and more all in one place. The 2022 new X1 pro comes with Google Android 9.0 system. Now seamlessly display content from Netflix, Hotstar, Prime Video, YouTube etc. With its pre-installed Google Play Store, one can download and install more than 5000+ Apps.|âœ”ï¸ 20000+ Hours Lamp Life & Professional Support - Wanbo projectors come with 1 year warranty and professional support throughout the life. Feel free to contact us in case of any issues.","28,900",Mobile > Phones > Premium Tier,Electronics,Premium
B00B7GKXMG,Wipro Smartlife Super Deluxe Dry Iron- 1000W,"Scratch resistant sole plate;Adjustable thermostat controls|teflon non-stick coating;Easy Glide: Reaches into hard to reach areas|Smoothest coating duPont;Smoothest coating dunpont teflon non-stick coating; Auto off pilot light;Warranty: 2 years on product|Power: 1000 watts;Includes: Electric iron, Instruction manual and Warranty card|Material Type: Aluminium",850,Mobile > Phones > Premium Tier,Electronics,Value
B09GYBZPHF,"Lifelong LLMG93 500 Watt Duos Mixer Grinder, 2 Stainless Steel Jar (Liquidizing and Chutney Jar)| ABS Body, Stainless Steel Blades, 3 Speed Options with Whip (1 Year Warranty, Black)","2 jars liquidizing jar (1.25 Litres) and chutney jar (0.4 litres)|Operating Voltage: 220 - 240 volts, Frequency: 50Hz 1Phase|1 Year Lifelong Online Retail Pvt. Ltd. Warranty|The mixer has three blades at the bottom that grinds all your ingredients to a smooth paste or powder ; Revolutions: 18000 RPM ; Material: Stainless Steel|3 speed control motor; Multi-functional blade system|Operating noise levels between 80-90 dB; Initial burning smell is to be expected due to evaporating varnish, which is normal","2,499",Home > Kitchen > Mixer,Home & Kitchen,Mid-Range
B08TV2P1N8,"boAt Rockerz 255 Pro+ in-Ear Bluetooth Neckband with Upto 40 Hours Playback, ASAP  Charge, IPX7, Dual Pairing, BT v5.0, with Mic (Active Black)",Playback- Leave all charging worries at bay as the Rockerz 255 Pro+ comes with a humongous battery back up of upto 40 hours(@50% volume|ASAP Charge- With a few minutes of ASAP Charge you can get upto 10 hours of audio time by charging them for only 10 mins. Charging Tme : 1.5 H|Drivers- The unbeatable boAt signature sound shines through no matter what are you playing courtesy its 10mm drivers.|IP Rating- Rockerz 255 Pro+ are perfect for the outdoors and daily workout as they are IPX7 rated.|Controls- Its multi-function Integrated controls lends an intuitive listening experience with volume increase and Decrease and Stop and Play buttons|Dual Pairing- This neckband features dual pairing so that you can connect 2 devices at once. Live a wireless life with advanced BT 5.0 technology.|Magnetic Earbuds- Live tangle- free life with its magnetic earbuds. Note: They do not support play/pause function,"3,990",Mobile > Phones > Premium Tier,Electronics,Mid-Range
B0BJYSCWFQ,"Kitchengenix's Mini Waffle Maker 4 Inch- 350 Watts: Stainless Steel Non-Stick Electric Iron Machine for Individual Belgian Waffles, Pan Cakes, Paninis or Other Snacks (Red)","MORE THAN WAFFLES: Make your favorite breakfast classics, or get creative with waffled hash browns, cookies and even biscuit pizzas. Any batter will â€œwaffleâ€ into single serving portions. Great for families or on the go.|MINI IS MIGHTY: With a 4â€ nonstick cooking surface, this is a MUST-HAVE for that first apartment, smaller kitchen, college dorm, or camper/RV and stores easily in a kitchen cabinet or drawer.|MINI IS MIGHTY: With a 4â€ nonstick cooking surface, this is a MUST-HAVE for that first apartment, smaller kitchen, college dorm, or camper/RV and stores easily in a kitchen cabinet or drawer.WAFFLY EASY: Simply plug it in and go; the Waffle Maker heats up in minutes. Dual non-stick surfaces provide an even cook for consistent results and delicious golden waffles every time. Nonstick surfaces make cleanup a snap.|Non Stick Thick Waffle Maker Pan : You can experience non stick cooking wit this waffle maker gas, This waffle making machine offers rich thick Belgian baffles.|Durable and Energy Efficient : KITCHENGENIX brand is known for high quality material, we never compromise with quality and assure you great quality waffles maker.","1,999",Home > Kitchen > Waffle Maker,Home & Kitchen,Value
B014I8SSD0,"Amazon Basics High-Speed HDMI Cable, 6 Feet - Supports Ethernet, 3D, 4K video,Black","Please select appropriate display resolution & refresh rate for proper display output. HDMI A Male to A Male Cable: Supports Ethernet, 3D, 4K video and Audio Return Channel (ARC)|Connects Blu-ray players, Fire TV, Apple TV, PS4, PS3, XBox one, Xbox 360, computers and other HDMI-enabled devices to TVs, displays, A/V receivers and more|Cable allows you to share an Internet connection among multiple devices without the need for a separate Ethernet cable|Meets HDMI 2.0 standards (4K Video at 60 Hz, 2160p, 48 bit/px color depth) that supports bandwidth up to 18Gbps and backwards compatible with earlier versions|Cable Length: 6 feet (1.8 meters); 1 year limited warranty",475,Electronics > Accessories > Hdmi Cable,Electronics,Value
B0116MIKKC,Goldmedal Curve Plus 202042 Plastic Spice 3-Pin 240V Universal Travel Adaptor (White),LED indicator|Trendy two colours|Compatible with worldwide plugs|Ergonomic product design,171,Electronics > Accessories > Power Adapters,Electronics,Value
B09VCHLSJF,OnePlus 108 cm (43 inches) Y Series 4K Ultra HD Smart Android LED TV 43Y1S Pro (Black),"Resolution : 4K Ultra HD (3840x2160) | Refresh Rate : 60 Hertz|Connectivity: 3 HDMI ports to connect set top box, Blu Ray players, gaming console | 2 USB ports to connect hard drives and other USB devices | Dual-band Wi-Fi|Sound : 24 Watts Output | Dolby Audio | Dolby Atmos Decoding|Smart TV features: Android TV | OnePlus Connect Ecosystem| Google Assistant | Chromecast, Miracast, DLNA | Auto Low Latency Mode | Supported Apps : Netflix, Youtube, Prime Video, Hotstar, SonyLiv, Hungama, JioCinema, Zee5, Eros Now, Oxygen Play|Display : Bezel-less Design | Decoding of HDR10+ HDR10, HLG | 1 billion colors | Gamma Engine with MEMC|Warranty Information: 1 year comprehensive warranty and additional 1 year on panel provided by the manufacturer from date of purchase|Installation/Wall mounting/demo will be arranged by Amazon Home Services. For any other information, please contact Amazon customer support | Wall Mount is not included in the box and will be charged extra at the time of installation|Easy returns: This product is eligible for replacement within 10 days of delivery in case of any product defects, damage or features not matching the description provided","39,999",Mobile > Phones > Premium Tier,Electronics,Premium
B09YLYB9PB,"Ambrane 60W / 3A Fast Charging Output Cable with Micro to USB for Mobile, Neckband, True Wireless Earphone Charging, 480mbps Data Sync Speed, 1m Length (ACM - AZ1, Black)","Fast Charging Cable - The cable can support upto a charging speed of 3A making it the optimal for Quick Charge / Rapid Charge and Turbo Charge devices.|Durable Cable- Using only premium quality materials and a tough, durable PVC Coating, the Ambrane USB cable is built for connecting and disconnecting over and over again without signal loss.|High Speed Data Transfer- 480 Mbps data transfer speed allows you to sync the data to the computer or other USB devices within few seconds.|Genuine USB Connectors- We use only certified and high-quality connectors ensuring not only the safety of the connected device but also reliable charging and high-speed data transmission|Universal Compatibility - Cable is fully compatible with Android Devices, Tablets, Bluetooth speakers, cameras, camcorders etc. and any other device that charges through a Micro USB cable.",399,Mobile > Phones > Value Tier,Electronics,Value
B0B2DD8BQ8,Wipro Vesta Grill 1000 Watt Sandwich Maker |Dual function-SW Maker&Griller|Non stick Coat -BPA&PTFE Free |Auto Temp Cut-off| Height Control -180á¶¿&105á¶¿ |2 year warranty|SS Finish|Standard size,"Truly multifunctional Grill Sandwich Maker which could used to make a sandwich maker to panini ,toast & Roast and also operate as a smokeless indoor Grill|Sandwich Maker â€“ Big size non stick plate (230mm*145 mm) opens upto 105á¶¿ (Extra 15á¶¿) for easy operation and usage|Grill â€“ With Huge plates can also be used to grill with plated opening upto 180á¶¿|Auto cut off feature to avoid excessive burning of food and stress free operation|Cool touch handle for safety and easy usage|Easy to clean non stick grill with quick heat up enabled by 1000 Watt function (2 years warranty)","3,099",Mobile > Phones > Premium Tier,Electronics,Mid-Range
B09NNJ9WYM,Sansui 80cm (32 inches) HD Ready Smart LED TV JSY32SKHD (BLACK) With Bezel-less Design,"Resolution: HD Ready (1366x768) | Refresh Rate: 60 hertz|Connectivity: 2 HDMI ports to connect multiple devices | 2 USB ports to connect hard drives and other USB devices | RJ45 | RF Port | Wi-Fi Direct | 2 AV Inputs | Headphone|Sound: 20 Watt Audio Output|Smart TV Features: Android 9 (GOS), In-built Apps Store, Screen Sharing, Remote with Hotkeys, Movie Box, Performance: Quad-Core A53 1.5GHz Processor | RAM 1GB, ROM 8GB|Display: HD Ready Crystal Clear Display | Bezel-less Design | Dynamic Contrast | High Brightness | Dynamic Colour Enhancer","19,990",Electronics > Televisions > LED TVs,Electronics,Premium
B07WG8PDCW,"pTron Bullet Pro 36W PD Quick Charger, 3 Port Fast Car Charger Adapter - Compatible with All Smartphones & Tablets (Black)","PTron bullet pro is a 36w charging power car charger passed the rigorous test by USB compliance standard and it's fast and safe to provides you the best possible quick charging performance|Qualcomm quick charge 3.0 technology charges QC3.0 enabled smartphones up to 80 percent faster, up to 4X faster than standard chargers via USB C or micro USB cable (cables are not included)|You can charge 3 devices simultaneously, it features 2 USB ports, 1 type C port, and 36w device output which is more than enough to charge smartphones or tablets at the same time|With a built-in USB Type-C port with Power Delivery (PD), charge all USB-C compatible devices at full speed from this travel-ready car outlet adapter.|It's built-in smart IC chip, ensures complete protection for you and your devices, including over-heating, over-current, high-temperature protection and short-circuit protection|It is compact, lightweight, well build quality and can be easily carried in a pocket, purse or suitcase|Extensive compatibility with USB-C and USB-powered devices including phones, tablets, dash cams, etc","1,299",Mobile > Phones > Premium Tier,Electronics,Value
B01MF8MB65,boAt Bassheads 225 in Ear Wired Earphones with Mic(Blue),"Has a PVC cable which is durable and tangle free. Impedance 16Î©, Sensitivity (dB) 92db Â±3db, Frequency Response 20Hz-20KHz|Compatibility and Connectivity: Compatible with Android/iOS and connectivity via 3.5mm AUX cable|IPX Rating: NA|Active Noise Cancellation: NA|Mic: In line Mic|Other Inclusions: Additional earbuds, Warranty Card|Innovative housing design enables for easy adjustment and optimal wearing comfort with powerful 10mm drivers for sonic clarity, bass-driven stereo sound and good attenuation of ambient noise",999,Mobile > Phones > Value Tier,Electronics,Value
B071113J7M,Sujata Powermatic Plus 900 Watts Juicer Mixer Grinder,"Centrifugal Juicer|1 Year Warranty|Most powerful 900 watts motor with double ball bearings for efficiency, low maintenance and trouble free running for years|Juicer with unique honeycomb filter mesh for finer juice with higher yield|22000 rpm operation- retains original flavor and aroma of juices and food|90 mins. continuous running- suitable for longer usage|Transparent and unbreakable mixer jar","7,506",Home > Kitchen > Mixer,Electronics,Mid-Range
B01FSYQ2A4,boAt Rockerz 400 Bluetooth On Ear Headphones With Mic With Upto 8 Hours Playback & Soft Padded Ear Cushions(Grey/Green),With 40mm Drivers get ready to immerse in HD auditory experience with super extra bass to get the day going. Inline Remote : No|Plug into your rhythm with style via the wireless Bluetooth headset and carry the vibe wherever you go|Stay immersed into Nirvana for extended durations with a playtime of up to 8 hours|Its lightweight and ergonomic design offers the comfort and ease while you listen to your favourite artists and have fun|The easy access integrated controls with built-in mic offers a smooth user experience and hands-free communication on the go|Stay connected to your sound via not one but two modes: Bluetooth as well as AUX|1 year warranty from the date of purchase.,"2,990",Mobile > Phones > Value Tier,Electronics,Mid-Range
B07JH1CBGW,"Wayona Nylon Braided Usb Syncing And Charging Cable Sync And Charging Cable For Iphone, Ipad (3 Ft, Black) - Pack Of 2","[High Compatibility] : iPhone X/XsMax/Xr ,iPhone 8/8 Plus,iPhone 7/7 Plus,iPhone 6s/6s Plus,iPhone 6/6 Plus,iPhone 5/5s/5c/se,iPad Pro,iPad Air 1/2,iPad mini 1/2/3,iPod nano7,iPod touch and more apple devices.|[Fast Charge&Data Sync ] : It can charge and sync simultaneously at a rapid speed, Compatible with any charging adaptor, multi-port charging station or power bank.|[Durability] : Durable nylon braided design with premium aluminum housing and toughened nylon fiber wound tightly around the cord lending it superior durability and adding a bit to its flexibility.|[High Security Level ] : It is designed to fully protect your device from damaging excessive current.Copper core thick+Multilayer shielding, Anti-interference, Protective circuit equipment.|[WARRANTY] 12-months warranty and friendly customer services, ensures the long-time enjoyment of your purchase. If you meet any question or problem, please don't hesitate to contact us (10am - 7pm Working days)","1,999",Mobile > Phones > Value Tier,Electronics,Value
B0BD3T6Z1D,"Samsung Galaxy M32 Prime Edition (Light Blue, 4GB RAM, 64GB)","Segment Best 16.21 centimeters (6.4-inch) Super AMOLED - Infinity U-cut display, FHD+ resolution with 90Hz Refresh rate, 800 Nits High Brightness Mode, protected by Gorilla Glass 5|Versatile 64MP+8MP+2MP+2MP Quad camera setup-64MP (F 1.8) main camera + 8MP (F2.2) Ultra wide camera+ 2MP (F2.4) depth camera + 2MP (2.4) Macro Camera| 20MP (F2.2) front camera|Monster 6000 mAh Battery | Memory, Storage & SIM: 4GB RAM | 64GB internal memory expandable up to 1TB| SIM 1 + SIM 2 + MicroSD|Android v12.0, One UI 4.1 operating system with MediaTek | Helio G80 Octa Core Processor 2GHz,1.8GHz|6000mAH lithium-ion battery, 1 year manufacturer warranty for device and 6 months manufacturer warranty for in-box accessories including batteries from the date of purchase","13,499",Mobile > Phones > Premium Tier,Electronics,Premium
B08QDPB1SL,Duracell Chhota Power AA Battery Set of 10 Pcs,Duracell AA Chota Power Batteries|Alkaline LR03/MN2400|Pack of 10,220,Electronics > Accessories > Batteries,Electronics,Value
B00NH11KIK,"AmazonBasics USB 2.0 Cable - A-Male to B-Male - for Personal Computer, Printer- 6 Feet (1.8 Meters), Black","One 6-foot-long (1.8 meters) high-speed multi-shielded USB 2.0 A-Male to B-Male cable|Connects mice, keyboards and speed-critical devices, such as external hard drives, printers and cameras to your computer|Constructed with corrosion-resistant, gold-plated connectors for optimal signal clarity and shielding to minimize interference|Full 2.0 USB capability/480 Mbps transfer speed|1 year limited warranty",695,Electronics > Accessories > Cables,Electronics,Value
B00R1P3B4O,Fujifilm Instax Mini Single Pack 10 Sheets Instant Film for Fuji Instant Cameras,"10 sheets of Instax film compatible with Fujifilm Mini cameras- Mini 8, Mini9, Mini 11, Mini 90, Mini 40, Liplay and Mini Link Printer|Mini films comes with superb grain quality which produces vibrant colors and natural skin hues.|Press the button and capture your moment of joy which develops instantly into beautiful pictures.|Film size - 54(w) x 86(h) mm|Picture size - 46(w) x 62(h) mm|Number of prints - 10 per pack|Country of Origin: Japan",549,Electronics > Camera Accessories > Films,Electronics,Value
B0B2DJDCPX,"SWAPKART Fast Charging Cable and Data Sync USB Cable Compatible for iPhone 6/6S/7/7+/8/8+/10/11, 12, 13 Pro max iPad Air/Mini, iPod and iOS Devices (White)","[High Compatibility] : This iphone data cable supports with iPhone 6,6s,6 plus,6s plus,7 7 plus ,8 8plus,x,xs,11 pro max,12 mini pro max,13 mini pro max iPad Air, iPad mini, iPod Nano and iPod Touch|[Fast Charge&Data Sync ] : It can charge and sync simultaneously at a rapid speed, Compatible with any charging adaptor, multi-port charging station or power bank ,for fast charging ,fast adapter is must.|ðŸ˜ã€Durable Spring Protectionã€‘ï¼šThe easy-to-break connection port is protected by spring, which is a flexible and durable cable.You can use it with confidence.|ã€ Ultra High Qualityã€‘: According to the experimental results, the fishbone design can accept at least 20,000 bending and insertion tests for extra protection and durability. Upgraded 3D aluminum connector and exclusive laser welding technology, which to ensure the metal part won't break and also have a tighter connection which fits well even with a protective case on and will never loose connection.|ã€ Good After Sales Serviceã€‘-Our friendly and reliable customer service will respond to you within 24 hours ! you can purchase with confidence,and every sale includes a 365-day worry-free Service to prove the importance we set on quality.",499,Mobile > Phones > Premium Tier,Electronics,Value
B00CEQEGPI,"Logitech MK270r USB Wireless Keyboard and Mouse Set for Windows, 2.4 GHz Wireless, Spill-resistant Design, 8 Multimedia & Shortcut Keys, 2-Year Battery Life, PC/Laptop- Black","Easy to Use: This wireless keyboard and mouse combo features 8 multimedia hotkeys for instant access to the Internet, email, play/pause, and volume so you can easily check out your favorite sites.|Comfortable Mouse: This compact wireless mouse is designed to be equally comfortable for both left- and right-handed users, plus its smooth cursor control allows easy navigation on most surfaces.|Favorite Wireless Combo: MK270 brings together familiar typing, wireless freedom, and long battery life; no wonder this is the world's top-selling combo(4).|Durable and Resilient: This full-size wireless keyboard features a spill-resistant design (2), durable keys and sturdy tilt legs with adjustable height. Wireless range: 10 m|Type in Comfort: The design of this keyboard creates a comfortable typing experience thanks to the low-profile, quiet keys and standard layout with full-size F-keys, number pad, and arrow keys.|Reliable Plug and Play: The USB receiver provides a reliable wireless connection up to 33 ft (1), so you can forget about drop-outs and delays and you can take it wherever you use your computer.|SYSTEM COMPATIBILITY: Windows XP, Windows Vista, Windows 7,Windows 8, 10, 11 or later USB port.","2,295",Computing > Accessories > Keyboard,Electronics,Mid-Range
B00LM4X3XE,Parker Quink Ink Bottle (Black),Black Colour is washable in nature.|30ml Bottle|High quality ink,100,Stationery > Accessories > Bottles,Home & Kitchen,Value
B08WRKSF9D,"V-Guard Divino 5 Star Rated 15 Litre Storage Water Heater (Geyser) with Advanced Safety Features, White","ã€15 LITREã€‘Storage Water Heater;â€¯ã€BEE 5 STAR RATEDã€‘: Highly Energy Efficient with Extra Thick & High Density CFC Free PUF Insulation for Maximum Heat Retention;ã€COUNTRY OF ORIGINã€‘: India|ã€ANTI-CORROSIVE & SUITABLE FOR HARD WATER USAGEã€‘: Advanced Vitreous Enamel Coating protects the Inner Tank, Superior Incoloy 800 Heating Element ensures Sustained Performance, Extra Thick Magnesium Anode provides Added Protection|ã€66% REDUCTION IN LEAKAGEã€‘: Single Weld Line High Grade Mild Steel Tank|ã€SAFETY ASSUREDã€‘: Advanced Thermostat & Thermal Cut-out Mechanism for Dual Overheat Protection; 5-in-1 Multi-function Safety Valve prevents excessive Pressure Build-up, Vacuum Formation & Reverse Water Flow|ã€HYGIENIC & PUNGENT-FREE WATERã€‘: Multi-layer protection against Corrosion & Scaling|ã€PAN INDIA INSTALLATION AVAILABLE AT INR 350+GSTã€‘: Inlet and Outlet Connection Pipes can be purchased from the technician on a chargeable basis (INR.250)|ã€WITHSTANDS UP TO 8 BAR PRESSUREã€‘: Suitable for High Rise Buildings up to 35 floors and Pressure Pump Application","8,500",Home > Appliances > Heaters,Home & Kitchen,Premium
B00W56GLOQ,"Wonderchef Nutri-blend Mixer, Grinder & Blender | Powerful 400W 22000 RPM motor | Stainless steel Blades | 2 unbreakable jars | 2 Years warranty | Online recipe book by Chef Sanjeev Kapoor | Black","Performance with Style: India's favourite Mixer-Grinder-Blender, Nutriblend, is the perfect combination of superior performance and superb styling that adds beauty to your kitchen|Stainless Steel Blades: Super quality surgical stainless steel blades are able to grind everything and stay sharp despite working at high speeds. They extract every ounce of immunity enhancing anti-oxidants, pain relieving Omega 3s, proteins, vitamins & minerals from your foods|Specialised Functions: The Long Jar (500ml) comes with 4-wing blade for mixing-blending and the Short Jar (300ml) with 2-wing flat blade for grinding to make all kinds of chutneys, shakes, smoothies and masalas. Two useful lids â€“ for storing and sprinkling come with the product|Trademark Design: The attractive trademark flower design stands apart and is a symbol of health and quality. Itâ€™s a reflection of your refined taste in the kitchen|2 YEARS WARRANTY & AFTER SALES SERVICE: Reliable Wonderchef warranty with the best after sales service in over 12,000 pin codes across India. Also buy Spares & Accessories here.","5,000",Home > Appliances > Heaters,Home & Kitchen,Mid-Range
B07V82W5CN,"HP USB Wireless Spill Resistance Keyboard and Mouse Set with 10m Working Range 2.4G Wireless Technology / 3 Years Warranty (4SC12PA), Black","Stylish Ultra-Slim design Keyboard & Mouse, Sealed membrane for overall protection, Brush metal finish, Advanced controls|Smooth responsive cursor control with easy scrolling, Designed for professional or gaming use|Professional Optical sensor with direct DPI switch 800/1200/1600 dpi, High quality switches for over 2 million clicks supported|2.4G wireless technology with 10m working range and nano-receiver, Energy saving design standby function","2,198",Computing > Accessories > Keyboard & Mouse Combos,Electronics,Mid-Range
B07H3WDC4X,"Simxen Egg Boiler Electric Automatic Off 7 Egg Poacher for Steaming, Cooking Also Boiling and Frying 400 W (Blue, Pink)",Simxen egg boiler electric automatic shut off|This Egg Boiler takes only 10 minutes to cook the eggs|Colour : Multi(Colour Will Be Send As Per Available In Stock..); Material : Plastic + Steel|You can consistently prepare eggs the way you like without fat or oil.|Size Name: 16 X 16 X 16 Cm; Color Name: White,999,Home > Kitchen Appliances > Egg Boilers,Home & Kitchen,Value
B09SZ5TWHW,"Swiss Military VC03 Wireless Car Vacuum Cleaner | Wireless Vacuum Cleaner for Home, Car, Living Room | Wireless Vacuum Cleaner Dust Collection/Lighting Car Pet Hair Vacuum with Powerful Motor","Small and portable, Dry wet amphibious and Strong suction|3 attachments can meet different needs, Can run for a long time and does not get heated|It can easily clean dust, debris, dog hair, cat hair and liquids|Equipped with a washable filter which has a longer life|Strong suction 120W high power motor with high efficiency dust vacuum","2,890",Home > Cleaning  > Vacuum Cleaner,Home & Kitchen,Mid-Range
B07Q4QV1DL,"ELV Aluminum Adjustable Mobile Phone Foldable Tabletop Stand Dock Mount for All Smartphones, Tabs, Kindle, iPad (Black)","Multi-angle adjustable stand: Free rotation of 270 degree viewing angle ensure the perfect angle of view and enhance the audio/video experience|Stylish design: Durable aluminum body, with a sturdy construction, can hold your phone steadily|Enjoy life: It's convenient to cook meals when you learn cooking through video teaching, without worrying about soiling the smartphones|Anti-slip pad: The anti-slip pad works perfect to keep your devices in place while in use and prevent from daily scratches and sliding|Fully foldable: ELV cell phone stand for desk can be fully folded to pocket-size, which will save you plenty of space and make it easy to carry anywhere; Very convenient for daily life|1 Year Manufacturing Warranty|Country of Origin: India","1,499",Mobile > Phones > Value Tier,Electronics,Value
B08LKS3LSP,"Gilary Multi Charging Cable, 3 in 1 Nylon Braided Fast Charging Cable for iPhone Micro USB Type C Mobile Phone | Colour May Vary |","The cable comes with 3 Different pins allowing you to charge your Android, iOS and Type-C devices at the same time|High-quality copper wires promote maximum signal quality and strength|Ensure a maximum charging speed up to 2A, charge faster than most standard cables.|This multi charger cable widely compatible with all Smartphones.|What You Get: 1 x 3 in 1 Multi Charging Cable (with Mini USB, Micro USB, Type C)",999,Mobile > Phones > Value Tier,Electronics,Value
B0B14MR9L1,"Samsung Galaxy M33 5G (Emerald Brown, 6GB, 128GB Storage) | 6000mAh Battery | Upto 12GB RAM with RAM Plus | Travel Adapter to be Purchased Separately","Exynos 1280 Octa Core 2.4GHz 5nm Processor with the 12 band support for a True 5G experience|16.72 centimeters (6.6-inch) LCD Display, FHD+ resolution, 1080x2400 pixels protected by Gorilla Glass 5|Versatile Quad camera setup-50MP (F1.8)+ 5MP (F2.2/UW- 123 FOV) + 2MP (F2.4/Depth) + 2MP (F2.4/Macro) QuadCamera| 8MP (F1.8) Front Camera|Massive 6000 mAh Battery | Memory, Storage & SIM: 6GB RAM | 128GB internal memory expandable up to 1TB| SIM 1 + SIM 2+ Micro SD|Latest Android v12.0, One UI 4 operating system.","24,999",Mobile > Phones > Mid-Tier,Electronics,Premium
B00SMFPJG0,"Kent Gold, Optima, Gold+ Spare Kit","Color: White|For gold, gold+, kool, star and optima models|1 UF membrane + 1 activated carbon pack + 1 sediment filters|Membrane life: 4000L",670,Home > Kitchen > Spare Parts,Home & Kitchen,Value
B07JPJJZ2H,"Wayona Nylon Braided Lightning USB Data Sync & 3A Charging Cable for iPhones, iPad Air, iPad Mini, iPod Nano and iPod Touch (3 FT Pack of 1, Grey)","[High Compatibility] : iPhones, iPad Air, iPad mini, iPod Nano and iPod Touch|[Fast Charge&Data Sync ] : It can charge and sync simultaneously at a rapid speed, Compatible with any charging adaptor, multi-port charging station or power bank.|[Durability] : Durable nylon braided design with premium aluminum housing and toughened nylon fiber wound tightly around the cord lending it superior durability and adding a bit to its flexibility.|[High Security Level ] : It is designed to fully protect your device from damaging excessive current.Copper core thick+Multilayer shielding, Anti-interference, Protective circuit equipment.|[WARRANTY] 12-months warranty and friendly customer services, ensures the long-time enjoyment of your purchase. If you meet any question or problem, please don't hesitate to contact us.","1,299",Mobile > Phones > Value Tier,Electronics,Value
B0B4G2MWSB,"Lapster 5 pin mini usb cable, usb b cable,camera cable usb2.0 for External HDDS/Card Readers/Camera etc.","-mini usb cable is easy to plug and play connections with digital cameras , mobile phones, MP3 players, PDAs, External Hard Drives.|Compatibility with USB 1.0, 1.1 and 2.0.|This Camera cable transfer your pictures from your digital camera to your PC.|Connect a peripheral with a 5-Pin Mini-USB port to an USB Hub or USB port on PC|Warranty-1 year",999,Electronics > Accessories > Cables,Electronics,Value
B08FYB5HHK,"TP-Link UE300C USB Type-C to RJ45 Gigabit Ethernet Network Adapter/RJ45 LAN Wired Adapter for Ultrabook, Chromebook, Laptop, Desktop, Plug & Play, USB 3.0, Foldable and Portable Design","Ideal for laptop, tablet, and most USB-C powered web devices to access wired network|The fastest USB 3.0 and Gigabit solutions ensure a high-speed transfer rate of up to 1000 Mbps|Plug and Play in Windows 11/10/8.1/8, macOS, iPadOS, Chrome OS, and Linux OS|Foldable and Portable design ideally suits your Ultrabook","1,999",Mobile > Phones > Premium Tier,Electronics,Value
B07M69276N,"TP-Link AC1300 USB WiFi Adapter (Archer T3U) - 2.4G/5G Dual Band Mini Wireless Network Adapter for PC Desktop, MU-MIMO Wi-Fi Dongle, USB 3.0, Supports Windows 11,10, 8.1, 8, 7, XP/Mac OS 10.15 and earlier","UltimateÂ Wi-Fi SpeedÂ â€”â€” AC1300 (400 Mpbs on 2.4GHz band and 867 Mbps on 5GHz band) wireless speed with the next generation Wi-Fi - 802.11ac|Dual Band WirelessÂ â€”â€” 2.4GHz and 5GHz band for flexible connectivity|Mini designÂ â€”â€” Mini-sized design for convenient portability with a reliable high performance|Super Speed USB 3.0 Port â€”â€” Up to 10x faster transfer speeds than USB 2.0|MU-MIMOÂ â€”â€” Delivers highly efficient wireless connection|Supported Operating SystemÂ â€”â€” Windows 11/10/8.1/8/7/XP, Mac OS 10.15 and earlier","2,499",Mobile > Accessories > Cable,Electronics,Mid-Range
B09CMP1SC8,"Ambrane 2 in 1 Type-C & Micro USB Cable with 60W / 3A Fast Charging, 480 mbps High Data, PD Technology & Quick Charge 3.0, Compatible with All Type-C & Micro USB Devices (ABDC-10, Black)","Stay ahead and never miss out with a 3A fast charging speed for your devices|It supports Quick Charge 2.0/ 3.0 technology to keep your devices boosted up|Its sturdy design and braided cord are tough enough to withstand 10000+ bends|Crafted for convenience, it allows you to charge and sync data with just one cable|It is widely compatible with all types of Micro USB & Type-C enabled devices",499,Mobile > Accessories > Cable,Electronics,Value
B0B1NX6JTN,Spigen Ultra Hybrid Back Cover Case Compatible with iPhone 14 Pro max (TPU + Poly Carbonate | Crystal Clear),[Compatibility] Spigen Genuine Case Compatible with iPhone 14 Pro max|Clear Design : Crystal clear transparency flaunts original phone design|Protection : Air Cushion Technology for shock absorption|Precise Fit : All connections and buttons are easy to reach and use|Material : Hybrid technology made of a TPU bumper with a durable PC back,"2,599",Mobile > Phones > Premium Tier,Electronics,Mid-Range
B09DSXK8JX,Kodak 80 cm (32 inches) HD Ready Certified Android Smart LED TV 32HDX7XPROBL (Black),"Resolution : HD Ready (1366x768) resolution | Refresh Rate : 60 Hertz | 178 Degree wide viewing angle|Connectivity: 3 HDMI ports to connect set top box, Blu-ray speakers or a gaming console | 2 USB ports to connect hard drives or other USB devices|Sound: 40 Watts Output | Powerful Speakers with Crystal clear Audio|Smart TV Features : Google Voice Assistance | Android 9.0 Pie | Smart Remote | Bezel-Less Design | Supported Applications : Sony Liv, Disney+Hotstar, Zee5, Youtube and more | Display Mirroring for compatible devices|Display : Durable A+ Grade DLED panel | Ultra bright screen for flawless picture quality even in bright rooms|Warranty Information: 1 Year warranty provided by Kodak TV from date of purchase|Easy Returns: This product is eligible for replacement within 10 days of delivery in case of any product defects, damage or features not matching the description","19,499",Mobile > Phones > Premium Tier,Electronics,Premium
B08HDJ86NZ,"boAt Deuce USB 300 2 in 1 Type-C & Micro USB Stress Resistant, Tangle-Free, Sturdy Cable with 3A Fast Charging & 480mbps Data Transmission, 10000+ Bends Lifespan and Extended 1.5m Length(Martian Red)","The boAt Deuce USB 300 2 in 1 cable is compatible with smartphones, tablets, PC peripherals, Bluetooth speakers, power banks and all other devices with Type-C as well as Micro USB port|It ensures 3A fast charging and data transmissions with rapid sync at 480 mbps|The premium Nylon braided skin makes it sturdy and invincible against external damage|Its Aluminium alloy shell housing makes it last longer with 10000+ Bends Lifespan with extended frame protection for strain relief|The resilient and flexible design offers a tangle free experience seamlessly|Deuce USB 300 cable offers a perfect 1.5 meters in length for smooth & hassle-free user experience|2 years warranty from the date of purchase",699,Electronics > Accessories > Cables,Electronics,Value
B0B61HYR92,"Lapster usb 2.0 mantra cable, mantra mfs 100 data cable (black)",Used for mantra mfs 100 data cable|mantra cable comes in black colour|mantra device cable original is sturdy and easy to install|mantra fingerprint device cable have 1 year warranty,999,Electronics > Accessories > Cables,Electronics,Value
B0B97D658R,"Larrito wooden Cool Mist Humidifiers Essential Oil Diffuser Aroma Air Humidifier with Colorful Change for Car, Office, Babies, humidifiers for home, air humidifier for room (WOODEN HUMIDIFIRE-A)","ANION FUNCTION - Air negative ions can restore from atmospheric pollutants, nitrogen oxides, cigarettes and other active oxygen, oxygen free radical, reduce excessive reactive oxygen species to the harm of human body; The air is cleared after the neutralization of the positive electric air|TIMING FUNCTIONS - Intelligent anti-dry, 4 hours automatic power, safe and reliable; Timing function is more reassuring|COLORFUL NIGHT LIGHT - The diffuser has 7 colored LEDs for a beautiful, soothing atmosphere or the use as night light|LOW NOISE - Ultrasonic technology make sure that your work or sleep will not be interfered by it. The humidifier is so Whisper-quiet with elegant mist|ECO- FRIENDLY - Environmental friendly ABS and PP, nontoxic, odour-free, corrosion resistant and durable. Compare with similar items",799,Home > Appliances > Diffusers,Electronics,Value
B0B3N8VG24,"FLiX (Beetel USB to Type C PVC Data Sync & 15W(3A) TPE Fast Charging Cable, Made in India, 480Mbps Data Sync, 1 Meter Long cable for all Andriod & all Type C Devices (Black)(XCD - FPC02)","FLiX Flow Type C cable offers universal compatibility as it is compatible with most android smartphones, tablets, PC peripherals, Bluetooth speakers, power banks, game consoles & all Type C enabled devices|3A AMP fast charging cable with up to 480mbps data transfer for a fast and secure connection. The cable is Quick Charge (QC) compatible which supports upto 15 Watt of power transfer|The connectors used are capable not only for high-speed data transfer but also ensures secure, safe and stable connection|Product has gone through a stringent quality check for durability and has huge life span of 10,000 bends|Charge & sync, this USB cable can charge and data sync simultaneously at 480Mbps speed, compatible with all devices with a Type C port. Core : Tinned Copper",299,Movile > Accessories > Cables,Electronics,Value
B09CGLY5CX,"Crompton Insta Comfort Heater 2000 Watts Heat Convector with Adjustable Thermostats, Hybrid Cyan, Standard (â€ŽACGRH- INSTACOMFORT)",Two heat setting|Adjustable Thermostat|Over heat protection|Thermal cut off|Vertical & horizontal mounting,"2,400",Home > Appliances > Heaters,Home & Kitchen,Mid-Range
B09QGZM8QB,"Wayona Usb Type C 65W 6Ft/2M Long Fast Charging Cable Compatible For Samsung S22 S20 Fe S21 Ultra A33 A53 A01 A73 A70 A51 M33 M53 M51 M31(2M, Black)","ã€NOTE before purchaseã€‘: This is a USB C to USB C cable, which means it has the same USB C plug on both ends, please be aware that this is not a USB C to USB A cable. Besides, you may need a USB C wall charger to charge your device.|ã€65W High Speed Chargingã€‘: Output power up to 20V 3.25A, which is ensured by high-speed safe charging, and the USB 2.0 supports data transfer speed can reach 40~60MB/S (480Mbps). NOTE: This product DO NOT support video output and monitor connection.|ã€Compatibility Listã€‘: This USB C to USB C 2M/6ft cable compatible with Samsung Galaxy S21 S21+ / S20 S20+ S20 Ultra Note10/Note 10 Plus,S20, S21 Ultra, iPad Air 2020 10.9â€˜â€™ (Gen 4), iPad Pro 12.9'' Gen3 (2018) , iPad Pro 11'' (2018), Nexus 6P/5X , Compatible with Macbook with the original charger (View Product Description for details)|ã€Military grade materialã€‘: Strong military fiber, the most flexible, powerful and durable material, makes tensile force increased by 200%. Special Strain Relief design, can bear 10000+ bending test. Premium Aluminum housing makes the cable more durable|ã€Quick/Fast Charging ã€‘: Build-in Emark smart chip, which makes this USB C to USB C PD cable strong enough to support max 3.25A current 65W power through, as well as support fast charging for more phone, like Pixel 2 XL,Samsung Galaxy Note 10,Nexus 5X/6P and more Type C devices. You need a USB C wall charger to charge your device and we recommend using the original wall charger.",999,Mobile > Phones > Premium Tier,Electronics,Value
B09C6HWG18,"Duracell Type C To Type C 5A (100W) Braided Sync & Fast Charging Cable, 3.9 Feet (1.2M). USB C to C Cable, Supports PD & QC 3.0 Charging, 5 GBPS Data Transmission â€“ Black","Up To 10,000+ Bend And 10,000+ Plugging And Unplugging Test Ensure This Cable A Longer Lifespan|Ensure Fast And Stable Data Transmission Up To 5 Gbps|Compatible Designed To Work Flawlessly With All Usb-C Devices|2 Years Warranty|1.2M Tangle Free Durable Tough Braiding Sync & Charge Cable","1,999",Mobile > Accessories > Cable,Electronics,Value
B0BMTZ4T1D,!!1000 Watt/2000-Watt Room Heater!! Fan Heater!!Pure White!!HN-2500!!Made in India!!,2000 Watt Fan heater with dual heat setting|Can be used as gift option|Eco Friendly and pocket freindly|Do not worry if you feel any burning smell that is due to burning of element|Extra focus on packaging of product to make sure customer get product in working condition,"1,599",Home > Appliances > Room Heaters,Home & Kitchen,Value
B0BL3R4RGS,VAPJAÂ® Portable Mini Juicer Cup Blender USB Rechargeable with 4 Blades for Shakes and Smoothies Fruits Vegetables Juice Maker Grinder Mixer Strong Cutting Bottle Sports Travel Outdoors Gym (BOTTLE),"ã€USB Rechargeable & Great Portabilityã€‘ The personal blender has a built-in 1800mAh USB rechargeable battery which can be easily charged by power bank, computer or other USB power source. The blender can be fully charged within 3 hours and serve up to 15 cups of drinks. The on the go blender, comes with 400ml capacity and only 250g product weight, can fit in any kinds of bags. It's easy to carry around in any circumstances such as working, travelling, and chilling at home.|ã€Advanced Tips on Blendingã€‘ (a)Fully charge the blender after receive it and always recharge it after using. (b)Before blending: Make sure not adding overloaded ingredient (up to 3/4 of the cup) then add some wate or other berverage (1/3) to the blender cup (c)While blending: Turn the blender up side down before starting it. After the blades start to rotate, flip the blender back as well as shaking the bottle. The correct operation can prevent blade stuck and provide a better blending result.|ã€Powerful & Effectiveã€‘ The juicer cup is equipped with 4 PCS 304 stainless steel blades with 30W rated power motor and 3.7 rated voltage. With a higher level of rotation frequency about 21,000 times per minutes, it only takes 40 seconds to bring you fresh smoothie, protein/milk shakes, fresh juices, baby food etc. Please cut fruits/veggies into small pieces for a better blending result. The mini blender will not work on large ice cube.|ã€One-button Operation & Cleaningã€‘ PRESS DOWN THE BUTTON for 2 seconds to turn on the blender. If you see the button is blinking while blender not turning on, checkout if the bottle and the base are tightened and make sure the blade is not stuck. The mini blender is easy to clean by adding water and long press the power button to start the self-cleaning mode. DO NOT soak the whole blender into water for safety concern.|ã€Unique Appearance & User-Friendly Designã€‘Beautiful and elegant private mold design, Small size, Wireless, USB rechargeable, and portable design make it a personal travel mixer. The charging port at the bottom and the silicone plug make it water-proof.",999,Home > Kitchen > Juicer,Home & Kitchen,Value
B09YV4RG4D,"Fire-Boltt Ninja 3 Smartwatch Full Touch 1.69 & 60 Sports Modes with IP68, Sp02 Tracking, Over 100 Cloud based watch faces - Black","Fire-Boltt is India' No 1 Wearable Watch Brand Q122 by IDC Worldwide quarterly wearable device tracker Q122.ã€1.69â€ HD Large Touch Screenã€‘- Fire-Boltt Ninja 3 comes with a 1.69â€ HD Full Touch Display for smooth swipes and clear vision;ã€SPO2/ Oxygen, Heart Rateã€‘ - Fire-Boltt Ninja 3 Smartwatch comes with real time 24*7 SPO2 / Blood Oxygen tracking, Dynamic Heart Rate Monitoring (If a patient is suffering from Covid 19 please use a medical device prescribed by the Doctor)|ã€60 workout modesã€‘- This smartwatch consists of 60 sports mode to track. Keep a track of all your activities and compare history to analyse your performance. Count steps, distance, and calories burned.;ã€IP68 Water Resistantã€‘- This smartwatch can withstand dust, spills, raindrops and is sweatproof too|ã€POWERFUL BATTERYã€‘ - About 7 days battery life and a Standby Time of 25 Days ã€Multiple Watch Facesã€‘- Unlimited Customized Built in Watch Faces and also multiple watch faces through the app;ã€Stay Social Stay Updatedã€‘ â€“ Inbuilt Social Media Notifications.|ã€All In One Smart Coachã€‘ - Track your Daily Steps, Sleep, Fitness, Sports, Heart Rate and SPO2 ã€Enjoy Music And Camera Controlã€‘ ã€IP68 Water Resistantã€‘- This smartwatch can withstand dust, spills, raindrops and is sweatproof too;Clasp type: Tang Buckle; water_resistance_level: water_resistant. System requirements: Compatible with android 4.4 or above, iOS 8.0 or above, Bluetooth version 5.1 or above.|Case Material Type: Plastic; Connectivity Technology: Bluetooth; Compatible Devices: Smartphonetablet; Band Material Type: Silicone; Color Name: Black; Human Interface Input: Touch Screenbuttons; Item Type Name: Smart Watch; Included Components: 1 Smartwatch, 1 Manual, 1 Magnetic Charger, 1 Warranty Card; Band Color: Black","7,999",Electronics > Wearables > Smartwatches,Apparel & Accessories,Mid-Range
B08CHZ3ZQ7,"Redgear A-15 Wired Gaming Mouse with Upto 6400 DPI, RGB & Driver Customization for PC(Black)","Compatibility: Redgear A15 is compatible with PCs, laptops, notebooks and other devices with a similar input.|Multi Programmable Buttons: The Redgear A15 is designed with multi programmable buttons and also has durable and semi honeycomb design for a better grip.|Upto 6400 DPI: With Redgear A15 you can experience a DPI change of upto 6400|RGB Lighting: A15 comes equipped with customizable RGB mode|Other Features: It comes with a gaming grade sensor for quick movements and reflexes. It also has extra durable switches and enhanced build quality to increase the durability of the mouse.",799,Computing > Accessories > Mouse,Electronics,Value
B08QHLXWV3,Kenstar 2400 Watts 9 Fins Oil Filled Radiator with PTC Fan Heater (BLACK GOLD),Quick heating with PTC fan and Over heat protection|3 Heat setting 1000/1500/2500 Watt with additional 400 Watt (Heater+Fan)|High grade oil for long lasting and better heating efficiency|Large surface wave fin for Faster Heating; Castor Wheels for easy mobility and Rear Safety cover|Material Type: Plastic; Size Name: 48x25x63(Lwh),"11,990",Home > Appliances > Heaters,Home & Kitchen,Premium
B06XR9PR5X,"Amazon Basics HDMI Coupler,Black","Note: Product only works as an extender adapter with HDMI compatible devices, works only to support extension function for long distance transmission without the hassle of using a single length long cable, Both input & output devices need to support ARC for using this function.|Ideal for extended reach when connecting Blu-ray players, Fire TV, Apple TV, PS4, PS3, XBox one, Xbox 360, computers, and other HDMI-enabled devices to TVs, displays, A/V receivers, and more|HDMI female-to-female coupler easily connects two HDMI A Male to A Male cables together. Supports Ethernet, 3D, 4K video, and Audio Return Channel (ARC)|Compatible with latest HDMI standard (4K video at 60 Hz, 2160p, 48-bit/px color depth); supports bandwidth up to 18Gbps; backwards compatible with earlier versions|Measures 0.09 x 0.07 feet (0.029 by 0.022 meters)|1 year limited warranty",600,Electronics > Accessories > Cables,Electronics,Value
B0073QGKAS,Bajaj ATX 4 750-Watt Pop-up Toaster (White),"2 slice pop-up toaster|Variable browning settings|Adjustable browning settings. Frequency : 50Hz|With mid cycle cancel feature. Extra wide slot : Yes. Body housing : Metal. Defrost : No|The appliance comes with a removable crumb tray to keep it clean along with a cord storage space to keep the cord in place|Warranty: 2 years on product|Power: 750 watts; Operating voltage: 230 volts|Includes: Toaster, User manual, Guarantee card and List of","1,499",Home > KItchen > Toaster,Home & Kitchen,Value
B00LY12TH6,Camel Oil Pastel with Reusable Plastic Box - 50 Shades,"50 assorted shades + 1 scraping tool|Confirms to safety standard EN 71 - 3|Camel Art Contest entry coupon inside the pack|Best result can be seen on Drawing Paper. These colours can adhere easily to surfaces like textured paper, sketching paper or even smooth tinted paper|Reusable Plastic Box",230,Home > Kitchen > Box,Home & Kitchen,Value
B08CF4SCNP,"Quantum QHM-7406 Full-Sized Keyboard with (â‚¹) Rupee Symbol, Hotkeys and 3-pieces LED function for Desktop/Laptop/Smart TV Spill-Resistant Wired USB Keyboard with 10 million keystrokes lifespan (Black)","PLUG & PLAY CONNECT: Easy to connect with your laptop or PC. The keyboard has a long wire with a USB cable that connects instantly without any lags. Absolutely stable transmission.|BOLD AND SLEEK DESIGN: The matte-black keyboard has an ergonomic design with an extremely durable body. Itâ€™s also lightweight and easy to carry around. Itâ€™s designed in a way to keep your hand in a restful typing position.|NOISELESS KEYS: The keyboard has soft-touch keys which go all the way down when pressed. Moreover, it doesnâ€™t create any sound while typing, enabling you to work without creating any disturbance.|HOTKEYS FOR SPECIAL FUNCTIONS: The hotkeys help you to perform special operations like multimedia actions, shortcuts, manoeuvering, etc.|COMPATIBILITY: The laptop is compatible with almost every existing software which includes Windows 10/8/7/Vista/XP/98/2000, Mac, Linux to name a few. Works with major brands.|WARRANTY: 1-year warranty from the date of purchase as provided by the manufacturer.",599,Computing > Accessories > Keyboard,Electronics,Value
B07DKZCZ89,"Gizga Essentials Earphone Carrying Case, Multi-Purpose Pocket Storage Travel Organizer for Earphones, Headset, Pen Drives, SD Cards, Shock-Proof Ballistic Nylon, Soft Fabric, Mesh Pocket, Green","SUPERIOR QUALITY: Gizga Essentials Earphone Carrying Case (Headphone Case) is spherical in shape with tapered top. Ergonomically the inside to keep a lot more contents one would think is possible. Excellent for Earphones, Pen Drive, Coins, SD Cards, Connectors etc.|SECURE & DURABLE: When you carry your earphones in your purses and your pockets; when you leave them on your tables they have a tendency of getting entangled, dirty or lost. It guards, carries, stores and protects your earphones from dirt and grime, and keeps them untangled.|BUILD STRONG: Build Strong with Semi-rigid shell covered with 1680d ballistic nylon which makes the case tough and shock resistant and does not transfer impact to the contents inside.|MESH COMPARTMENT: A handy mesh compartment on the inside of the lid to store small accessories and connectors and hold them on to place.",499,Mobile > Phones > Premium Tier,Electronics,Value
B08T8KWNQ9,TEâ„¢ Instant Electric Heating Hot and Cold Water Geyser Tap Water with Digital Display (White),"Easy to Install, does not need space like other Geysers.|3-5 Seconds Instant Hot Water.|Heating tube: high-purity copper liner heating element Rated voltage: 220V/50HZ Rated Power: 3000W|The display will real-time display the current temperature.|A must kitchen accessory for housewives: your hands won't feel cold when washing dishes","4,999",Home > Appliances > Geaser,Home & Kitchen,Mid-Range
B0B2X35B1K,"Noise ColorFit Ultra 2 Buzz 1.78"" AMOLED Bluetooth Calling Watch with 368*448px Always On Display, Premium Metallic Finish, 100+ Watch Faces, 100+ Sports Modes, Health Suite (Jet Black)","BT calling: Experience advanced calling experience right on your wrist. Manage calls, dial from recent call logs or access favourite contacts.Strap Size & Material : 22mm & Silicone|Single-chip BT calling: The single-chip BT calling with BT v5.3 ensures faster pairing & connectivity along with low power consumption|1.78â€™â€™ AMOLED Display: See everything thatâ€™s going on in your day on the big, bright Always On Display with 368*448 pixel resolution and 500 nits brightness|Noise Health Suite: Stay in the loop with whatâ€™s going with your body via Noise Health Suite|100+ watch faces: Be the trendsetter and wear a new face every day|100 sports modes with auto sports detection: Step outside your comfort zone and get more active|7-day battery: Say goodbye to the battery woes as the smartwatch stays with you through the week","6,999",Mobile > Phones > Premium Tier,"
Electronics",Mid-Range
B00LM4W1N2,Parker Classic Gold Gold Trim Ball Pen,"Parker Classic Gold GT has a tungsten carbide ball tip to ensure smooth, speedy writing, allowing just the right amount of ink flow.|It comes with a Streamlined style with clean lines for a fresh take on the Parker Classic design|Parker Classic Gold GT features a push mechanism closer and closes with a satisfying click.|The Pen that Matches your style and gives you a smooth writing experience, you can write wherever and however you want and comes with 2 Years warranty against manufacturing defects|Ink Colour : Blue",600,Stationery > Accessories > Pen,,Value
B00OFM6PEO,"Storite USB Extension Cable USB 3.0 Male to Female Extension Cable High Speed 5GBps Extension Cable Data Transfer for Keyboard, Mouse, Flash Drive, Hard Drive, Printer and More- 1.5M - Blue","Length: 150cm-1.5M. Higher transfer rates up to 5 Gbps|Full-duplex data transmission support for new transfer types in the future|Increased device current draw to better provide power for High power demand devices|Features shielding that provides protection against noise from electromagnetic and radio-frequency signals, keeping your signal clear with less loss of bandwidth for higher performance|USB 3.0 uses less power, but has increased power output - up to 4.8 Gbit/s. Compared with the USB 2.0 transmission speed, USB 3.0 is 10 times faster|PS: This cable does not work with camera. Please contact us before purchasing.",799,,Electronics,Value
B07XCM6T4N,STRIFF Adjustable Laptop Tabletop Stand Patented Riser Ventilated Portable Foldable Compatible with MacBook Notebook Tablet Tray Desk Table Book with Free Phone Stand (Black),"FOLDABLE, PORTABLE, LIGHTWEIGHT: The Carnation Laptop Stand has a thin, hard plastic frame. It can be easily folded and carried around. Durable enough to withstand the weight of up to 55 lbs (25kg).|OPTIMIZED FOR AIR VENTILATION: To prevent your computer from overheating, the laptop stand has large cut-out vents and adjustable height options that allow air to circulate from all sides. Well vented.|ADJUSTABLE HEIGHT 7 OPTIONS: Raise your laptop or tablet to any of seven adjustable heights from 2.7â€ to 6.7â€ so you can get a clearer, glare-free view while getting neck pain relief and preventing eye strain.|PHONE STAND, and PURE ERGONOMICS: Easily share the screen with those next to you. No constant reaching for your phone anymore. This means fewer distractions, better concentration. The new meaning of Ergonomic.","1,499",Mobile > Phones > Value Tier,Electronics,Value
B07JW9H4J1,"Wayona Nylon Braided USB to Lightning Fast Charging and Data Sync Cable Compatible for iPhone 13, 12,11, X, 8, 7, 6, 5, iPad Air, Pro, Mini (3 FT Pack of 1, Grey)","High Compatibility : Compatible With iPhone 12, 11, X/XsMax/Xr ,iPhone 8/8 Plus,iPhone 7/7 Plus,iPhone 6s/6s Plus,iPhone 6/6 Plus,iPhone 5/5s/5c/se,iPad Pro,iPad Air 1/2,iPad mini 1/2/3,iPod nano7,iPod touch and more apple devices.|Fast Charge&Data Sync : It can charge and sync simultaneously at a rapid speed, Compatible with any charging adaptor, multi-port charging station or power bank.|Durability : Durable nylon braided design with premium aluminum housing and toughened nylon fiber wound tightly around the cord lending it superior durability and adding a bit to its flexibility.|High Security Level : It is designed to fully protect your device from damaging excessive current.Copper core thick+Multilayer shielding, Anti-interference, Protective circuit equipment.|WARRANTY: 12 months warranty and friendly customer services, ensures the long-time enjoyment of your purchase. If you meet any question or problem, please don't hesitate to contact us.","1,099",Mobile > Phones > Premium Tier,Electronics,Value
B08ZHYNTM1,Havells Festiva 1200mm Dust Resistant Ceiling Fan (Gold Mist),Design and finish exotic rich looks with modern styling|Aerodynamically Blade Shape|Speed: 400 RPM; Air Delivery: 230 CMM|Wider tip blade; 2 years comprehensive warranty|Material Type: Aluminium; Mounting Type: Downrod Mount,"4,005",Home > Appliances > Fan,Electronics,Mid-Range
B08BQ947H3,"LIRAMARK Webcam Cover Slide, Ultra Thin Laptop Camera Cover Slide Blocker for Computer MacBook Pro iMac PC Tablet (Pack of 3)","Cool Gadget: Protection against possible video surveillance from hackers. This webcam cover slide easily slides over your camera ensuring that it wonâ€™t be used as a surveillance tool against you.|Ultra-thin: Super thin design, perfect curve edges, and extra mini size, which means it can be perfectly combine with your devices. Webcam Cover is only 0.027 inches thick and does not feel its existence when the laptop lid is closed|Universal Design: Webcam Cover is compatible with most Laptop Computer, Smartphones, iPad,iphone, MacBook, MacBook Pro, Tablets PC, PS4 and all-in-one desktops. Many pieces package, meet your all cameras need|Super Sturdy Adhesive: Solid durable, because the strong Nano gel provides durable and reliable connection between your devices and webcam cover. Also, the adhesive can be easily applied and removed from the device without any traces|Easy to Install: Use a dry cloth to clean the surface of your device's webcam, then remove the 3-M adhesive tape from the back of the camera cover Slide, align the lens and attach the protective cover to the lens, and firmly press for 15 seconds to achieve a strong, but non-permanent seal.",149,Mobile > Phones > Premium Tier,Electronics,Value
B07KRCW6LZ,"TP-Link Nano AC600 USB Wi-Fi Adapter(Archer T2U Nano)- 2.4G/5G Dual Band Wireless Network Adapter for PC Desktop Laptop, Mini Travel Size, Supports Windows 11,10, 8.1, 8, 7, XP/Mac OS 10.9-10.15","High Speed WiFi â€”â€” Up to 600Mbps speeds with 200Mbps on 2.4GHz and 433 Mbps on 5GHz, upgrades your devices to higher AC WiFi speeds|Dual Band Wireless â€”â€” 2.4GHz and 5GHz band for flexible connectivity, upgrades your devices to work with the latest dual-band WiFi router for faster speed and extended range|Nano design â€”â€” Small, unobtrusive design allows you to plug it in and forget it is even there|Operating System â€”â€” Supports Windows 11/10/8.1/8/7/XP, Mac OS 10.15 and earlier|Advanced Security â€”â€” Supports 64/128-bit WEP, WPA/WPA2, and WPA-PSK/WPA2-PSK encryption standards|Worry-free customer support â€”â€” For other installation related query, compatibility issue or any other queries call on toll free no","1,599",Laptop > Accessories > Adapter,Electronics,Value
B09W9V2PXG,Themisto TH-WS20 Digital Kitchen Weighing Scale Stainless Steel (5Kg),"High Precision Core Technologyï¼šKitchen Scale Equipped with sensitive sensors, it can provide you precision graduation 0.1oz/1g, capacity 11lb/5kg. This digital scale with 2 models of gram and lb:oz to switch between imperial and metric measuring units.|Stainless Steel Food Scale Setï¼šDigital Kitchen Scale is made with food-grade 202 stainless steel. Sturdy and not easy to damage.|Liquid Weighing Capacityï¼šThemsito kitchen scale is a multifunctional scale with unique features. Besides weighing solid unit lb: oz and g, you can easily measure your recipe ingredients in fluid ounces (fl'oz), and milliliters by water volume or milk volume.|Easy Tare Functionï¼šThe taring and auto-zero function of Kitchen Scale allow you to subtract the weight of the bowl, dish, or container from the weight of the food. To ensure food safety, you can use multiple-sized bowls to weigh various types of food separately.|Clear LCD Displayï¼šThis Kitchen scale comes with 2.5"" Large LCD with white backlight can display the reading more clearly, even cooking in a dim place. 2 x AAA batteries included.","1,999",Home > Accessories > Weighing,Home & Kitchen,Value
B09ZPM4C2C,TCL 80 cm (32 inches) HD Ready Certified Android Smart LED TV 32S5205 (Black),"Resolution: HD Ready (1366 x 768) | Refresh Rate: 60 hertz|Connectivity: 2 HDMI Ports to connect set top box | 1 USB ports to connect hard drives or other USB devices | IR Port to control connected devices like DVD / STB Players|Sound: 16 Watts Output | Powerful Speakers with Dolby Audio|Smart TV Features : Android R 11 ,Packed with amazing smart features such as Google Voice Search, Google App Store and Built-in Chromecast. Google Play Store, YouTube, Google cast, Netflix.|Display : LED Smart TV | Ultra bright screen for flawless picture quality even in bright rooms|Warranty Information: 2 year comprehensive warranty provided by the manufacturer from date of purchase|Installation: For Installation, Wall Mounting, Demo Of This Product Once Delivered, Directly Contact Brand Support (Visit Brand website for Toll free numebrs) and Provide Product's Model Name And Seller's Details Mentioned On Your Invoice. The Service Center Will Allot You A Convenient Slot For The Service","30,990",Mobile > Phones > Mid-Tier,Electronics,Premium
B08H6B3G96,"Philips EasySpeed Plus Steam Iron GC2147/30-2400W, Quick Heat up with up to 30 g/min steam, 150g steam Boost, Scratch Resistant Ceramic Soleplate, Vertical steam, Drip-Stop","Triple Precision Tip and 360 degree swivel cord make ironing strokes comfortable, effortless and quick|Even distribution of steam for quick ironing in less number of strokes, powerful steam kills bacteria and removes odour|Includes: Steam Iron, User Manual, Warranty; Power: 2400 watts|Drip-Stop feature to prevent leakage even at low temperatures|Material Type: Plastic; Size Name: Medium; Color Name: Purple","3,995",Home > Appliances > Irons,Electronics,Mid-Range
B0B9BXKBC7,"WeCool S5 Long Selfie Stick, with Large Reinforced Tripod Stand up to 61 Inch / 156 Cms, Ultra Long Multi Function Bluetooth Selfie Stick with 1/4 Screw Compatible with Gopro, Camera, and Ring Light","64"" Tall Cell Phone Tripods with 7 section adjustable telescopic poles, the phone selfie stick tripod stand is tall enough, can be adjusted from 12in to 64in. Therefore, this selfie stick for iPhone can capture a wider landscape with different Height|3 in 1 Design with Stable Base : Can be used as extendable Tripod for phone and camera as Phone Floor Stand. This Selfie Stick for iPhone can be quickly switched between the table tripod and selfie stick mode. Is compatible with gopro and Camera|360Â° Rotatable Selfie Stick Bluetooth : The mount of the tripod stand can freely rotate 360Â°, which can be quickly ratoted the screen horizontally and vertically , and the mount arm can be 190Â°flipped to shoot pictures at various angles.|Compact Size and Travel Friendly : After Being folded , the long selfie stick is just 12 Inches. So it can be easily packed in your bag, or Backpack without taking up more space. Perfecet choice for Travelling, Hiking and Camping. Very Sturdy Design|Large ABS reinforced non-slip Stable tripod-The tripod is very stable when it is mounted with phone or camera standing on desktop or ground,because it has non-slip silicone pads at the bottom of each foot and the lets have additional support|1/4 Screw Widely Compatible-The selfie stick comes with both a phone mount and a 1/4 screw,can be used at the same time.The 1/4 screw can be connected with Gopro digital camera and ring light.|The phone mount is compatible with most smartphones , support 360 degree rotation vertical and horizontal shooting , better for live stream , photo and video shooting , makeup , youtube watching","3,999",Mobile > Phones > Premium Tier,Electronics,Mid-Range
B0856HY85J,"boAt Rockerz 550 Over Ear Bluetooth Headphones with Upto 20 Hours Playback, 50MM Drivers, Soft Padded Ear Cushions and Physical Noise Isolation, Without Mic (Black)","Tap into instant wireless connectivity with the latest Bluetooth V5.0|Its 50mm dynamic drivers help pump out immersive audio all day long, Charging Time 2.5 hours|The mighty 500mAh battery capacity offers a superior playback time of up to 20 Hours, Charging Time : 2.5 hours, Standby Time : 180 hours, Frequency Response 20Hz-20KHz|It has been ergonomically designed and structured as an over-ear headphone to provide the best user experience|It comes with physical Noise Isolation feature for pure audio bliss|One can connect to boAt Rockerz 550 via not one but two modes, Bluetooth as well as AUX","4,999",Mobile > Phones > Value Tier,Electronics,Mid-Range
B07Y1RCCW5,"ZIGMA WinoteK WinoteK Sun Instant Water Geyser, Water Heater, Portable Water Heater, Geysers Made of First Class ABS Plastic, automatic Reset Model, AE10-3 W (Yellow)",NOTE- In this order you will receive10 geysers. If Not received please return or replace immediately,"2,550",Home > Appliances > Heaters,Home & Kitchen,Mid-Range
B08HDJ86NZ,"boAt Deuce USB 300 2 in 1 Type-C & Micro USB Stress Resistant, Tangle-Free, Sturdy Cable with 3A Fast Charging & 480mbps Data Transmission, 10000+ Bends Lifespan and Extended 1.5m Length(Martian Red)","The boAt Deuce USB 300 2 in 1 cable is compatible with smartphones, tablets, PC peripherals, Bluetooth speakers, power banks and all other devices with Type-C as well as Micro USB port|It ensures 3A fast charging and data transmissions with rapid sync at 480 mbps|The premium Nylon braided skin makes it sturdy and invincible against external damage|Its Aluminium alloy shell housing makes it last longer with 10000+ Bends Lifespan with extended frame protection for strain relief|The resilient and flexible design offers a tangle free experience seamlessly|Deuce USB 300 cable offers a perfect 1.5 meters in length for smooth & hassle-free user experience|2 years warranty from the date of purchase",699,Mobile > Accessories > Cable,Electronics,Value